{"loss": [31.154254913330078, 26.60413360595703, 22.274890899658203, 18.641643524169922, 15.415084838867188, 12.782767295837402, 10.686407089233398, 9.14147663116455, 8.0819673538208, 7.2577433586120605, 6.619567394256592, 6.225170135498047, 5.827942848205566, 5.573505878448486, 5.396941184997559, 5.1719465255737305, 4.996020317077637, 4.881596565246582, 4.770970821380615, 4.608955383300781, 4.493213176727295, 4.491144180297852, 4.341801166534424, 4.225610256195068, 4.246360778808594, 4.030449390411377, 3.989110231399536, 3.9006078243255615, 3.7727367877960205, 3.813884973526001, 3.732440710067749, 3.737316608428955, 3.525697708129883, 3.620307207107544, 3.556363344192505, 3.4572641849517822, 3.4216115474700928, 3.4169960021972656, 3.3507566452026367, 3.3324387073516846, 3.28084397315979, 3.219108819961548, 3.2255611419677734, 3.2391843795776367, 3.141392946243286, 3.0912182331085205, 3.1581709384918213, 3.088332176208496, 3.1809332370758057, 3.1568617820739746, 3.0274555683135986, 3.193613290786743, 3.1365389823913574, 2.9275429248809814, 3.096102714538574, 2.9971389770507812, 2.895484447479248, 2.9456450939178467, 2.9416825771331787, 2.8660435676574707, 2.8438022136688232, 2.8716089725494385, 2.8261287212371826, 2.8825454711914062, 2.759286403656006, 2.8252265453338623, 2.804960012435913, 2.8022708892822266, 2.6293158531188965, 2.784724712371826, 2.747037410736084, 2.637686252593994, 2.658966541290283, 2.6699461936950684, 2.6364424228668213, 2.604567766189575, 2.6862614154815674, 2.6224493980407715, 2.6707119941711426, 2.633169412612915, 2.5734710693359375, 2.53125, 2.566136598587036, 2.6343448162078857, 2.5542449951171875, 2.5014796257019043, 2.5070812702178955, 2.5538620948791504, 2.5345630645751953, 2.53714656829834, 2.5232954025268555, 2.5237538814544678, 2.392498254776001, 2.4351859092712402, 2.401470422744751, 2.529904842376709, 2.5406620502471924, 2.480224370956421, 2.547577142715454, 2.4683837890625], "accuracy": [0.04693140834569931, 0.03971119225025177, 0.05415162444114685, 0.08664260059595108, 0.11552346497774124, 0.14801444113254547, 0.11913357675075531, 0.1805054098367691, 0.17689530551433563, 0.19494584202766418, 0.21299639344215393, 0.18411552906036377, 0.23104692995548248, 0.24548736214637756, 0.21299639344215393, 0.2527075707912445, 0.256317675113678, 0.24909746646881104, 0.2418772578239441, 0.28158843517303467, 0.23826715350151062, 0.2779783308506012, 0.2671480178833008, 0.29241877794265747, 0.2743682265281677, 0.3032490909099579, 0.3032490909099579, 0.32129964232444763, 0.35379061102867126, 0.3249097466468811, 0.3465704023838043, 0.2996389865875244, 0.39350181818008423, 0.3393501937389374, 0.3357400596141815, 0.3754512667655945, 0.3501805067062378, 0.3754512667655945, 0.37906137108802795, 0.38989168405532837, 0.3862815797328949, 0.38989168405532837, 0.40433213114738464, 0.4115523397922516, 0.3971119225025177, 0.42599278688430786, 0.39350181818008423, 0.4115523397922516, 0.371841162443161, 0.3465704023838043, 0.42599278688430786, 0.3971119225025177, 0.3862815797328949, 0.47653430700302124, 0.35740071535110474, 0.44043320417404175, 0.4476534426212311, 0.45126354694366455, 0.4332129955291748, 0.4909747242927551, 0.4440433084964752, 0.44043320417404175, 0.46570396423339844, 0.42960289120674133, 0.454873651266098, 0.44043320417404175, 0.4801444113254547, 0.4729241728782654, 0.49819493293762207, 0.4476534426212311, 0.42960289120674133, 0.4801444113254547, 0.45126354694366455, 0.4368230998516083, 0.47653430700302124, 0.512635350227356, 0.4837545156478882, 0.505415141582489, 0.454873651266098, 0.5018050670623779, 0.49819493293762207, 0.5342960357666016, 0.5018050670623779, 0.48736461997032166, 0.5415162444114685, 0.5415162444114685, 0.4945848286151886, 0.454873651266098, 0.5342960357666016, 0.5198556184768677, 0.4945848286151886, 0.5162454843521118, 0.5342960357666016, 0.5451263785362244, 0.5415162444114685, 0.5198556184768677, 0.5306859016418457, 0.5379061102867126, 0.5162454843521118, 0.5306859016418457], "val_loss": [28.45859718322754, 24.008169174194336, 20.080429077148438, 16.62441635131836, 13.786140441894531, 11.527115821838379, 9.6650972366333, 8.327171325683594, 7.447452068328857, 6.697751998901367, 6.103751182556152, 5.684773921966553, 5.396343231201172, 5.06705904006958, 4.869024753570557, 4.736629962921143, 4.582766532897949, 4.445371150970459, 4.468324184417725, 4.3304290771484375, 4.20631742477417, 4.136663436889648, 4.007135391235352, 3.87337589263916, 3.890856981277466, 3.8810107707977295, 3.8431813716888428, 3.7191450595855713, 3.5134921073913574, 3.5349199771881104, 3.4999845027923584, 3.358076333999634, 3.344127655029297, 3.3233697414398193, 3.3085315227508545, 3.264331579208374, 3.1925177574157715, 3.1104493141174316, 3.011096715927124, 3.058577537536621, 3.04984450340271, 3.1163737773895264, 3.149890661239624, 3.1034486293792725, 3.0711374282836914, 2.951965808868408, 2.949573516845703, 3.03890061378479, 3.1252262592315674, 2.967681407928467, 2.8598544597625732, 2.791865110397339, 2.838334083557129, 2.767817735671997, 2.69869327545166, 2.6796085834503174, 2.615760326385498, 2.5761935710906982, 2.618391513824463, 2.5542495250701904, 2.726152181625366, 2.672468423843384, 2.7401506900787354, 2.677847146987915, 2.596395254135132, 2.551440715789795, 2.6169941425323486, 2.501709222793579, 2.4242122173309326, 2.469912052154541, 2.408506393432617, 2.4377353191375732, 2.4244399070739746, 2.441249370574951, 2.461231231689453, 2.477029323577881, 2.5263168811798096, 2.4364233016967773, 2.397883892059326, 2.3427658081054688, 2.3503451347351074, 2.3687853813171387, 2.384267807006836, 2.402196168899536, 2.4175148010253906, 2.411879777908325, 2.5202994346618652, 2.4768829345703125, 2.4428510665893555, 2.5366785526275635, 2.355062961578369, 2.269151210784912, 2.2931792736053467, 2.1834661960601807, 2.1308488845825195, 2.1240389347076416, 2.3277218341827393, 2.3695499897003174, 2.248321771621704, 2.1609394550323486], "val_accuracy": [0.06849315017461777, 0.09589041024446487, 0.10958904027938843, 0.15068493783473969, 0.13698630034923553, 0.16438356041908264, 0.15068493783473969, 0.1780821979045868, 0.21917808055877686, 0.2602739632129669, 0.3287671208381653, 0.30136987566947937, 0.3835616409778595, 0.36986300349235535, 0.39726027846336365, 0.39726027846336365, 0.3561643958091736, 0.36986300349235535, 0.3835616409778595, 0.3561643958091736, 0.42465752363204956, 0.42465752363204956, 0.4383561611175537, 0.4383561611175537, 0.4383561611175537, 0.39726027846336365, 0.34246575832366943, 0.4109589159488678, 0.4931506812572479, 0.4794520437717438, 0.4794520437717438, 0.5205479264259338, 0.4931506812572479, 0.4931506812572479, 0.534246563911438, 0.5205479264259338, 0.534246563911438, 0.5479452013969421, 0.5479452013969421, 0.5205479264259338, 0.5068492889404297, 0.4931506812572479, 0.4794520437717438, 0.5068492889404297, 0.5068492889404297, 0.5205479264259338, 0.5205479264259338, 0.4794520437717438, 0.45205479860305786, 0.534246563911438, 0.5616438388824463, 0.5753424763679504, 0.534246563911438, 0.5616438388824463, 0.6027397513389587, 0.5890411138534546, 0.5479452013969421, 0.5890411138534546, 0.5616438388824463, 0.5890411138534546, 0.5890411138534546, 0.5616438388824463, 0.5068492889404297, 0.5479452013969421, 0.5616438388824463, 0.5616438388824463, 0.5753424763679504, 0.5890411138534546, 0.6438356041908264, 0.6575342416763306, 0.698630154132843, 0.698630154132843, 0.6712328791618347, 0.6438356041908264, 0.6575342416763306, 0.6164383292198181, 0.6301369667053223, 0.6438356041908264, 0.6575342416763306, 0.6849315166473389, 0.6712328791618347, 0.6164383292198181, 0.6575342416763306, 0.6301369667053223, 0.6438356041908264, 0.6712328791618347, 0.5890411138534546, 0.5890411138534546, 0.6301369667053223, 0.6301369667053223, 0.6712328791618347, 0.6575342416763306, 0.698630154132843, 0.6712328791618347, 0.698630154132843, 0.6849315166473389, 0.5616438388824463, 0.6027397513389587, 0.6712328791618347, 0.6712328791618347]}