{"loss": [3.4324705600738525, 2.572955846786499, 2.032532215118408, 1.452109694480896, 1.288150668144226, 1.0580894947052002, 0.7084825038909912, 0.6219542026519775, 0.555566668510437, 0.576507568359375, 0.4578670859336853, 0.4248248338699341, 0.35012632608413696, 0.2829926609992981, 0.259561151266098, 0.2012295424938202, 0.22276754677295685, 0.19790571928024292, 0.1893172562122345, 0.20564652979373932], "accuracy": [0.08979591727256775, 0.3469387888908386, 0.49609375, 0.6530612111091614, 0.6775510311126709, 0.722449004650116, 0.8367347121238708, 0.844897985458374, 0.8693877458572388, 0.8571428656578064, 0.8828125, 0.9020408391952515, 0.9142857193946838, 0.9469387531280518, 0.9453125, 0.9673469662666321, 0.9510204195976257, 0.9469387531280518, 0.9551020264625549, 0.9510204195976257], "val_loss": [2.9719855785369873, 2.789179801940918, 2.315145492553711, 2.312577724456787, 2.2358055114746094, 2.3230061531066895, 2.169487714767456, 2.199756383895874, 2.241818428039551, 1.9036874771118164, 2.160231590270996, 2.2520394325256348, 2.387636184692383, 2.0549306869506836, 2.0429916381835938, 2.31060791015625, 2.3209545612335205, 2.3781211376190186, 2.463167190551758, 2.1721906661987305], "val_accuracy": [0.15625, 0.234375, 0.34375, 0.28125, 0.28125, 0.25, 0.390625, 0.34375, 0.265625, 0.375, 0.3125, 0.375, 0.328125, 0.40625, 0.375, 0.34375, 0.390625, 0.28125, 0.296875, 0.40625]}